{
  "version": "0.1",
  "language": "en",
  "words": [
    "webpack",
    "webpack's",
    "endregion",
    "entrypoint",
    "entrypoints",
    "splitted",
    "dedupe",
    "deduplication",
    "deduplicating",
    "unoptimized",
    "prefetch",
    "prefetching",
    "prefetched",
    "preload",
    "preloading",
    "preloaded",
    "gzipping",
    "submodule",
    "submodules",
    "typeof",
    "devtool",
    "wasm",
    "webassembly",
    "IIFE",
    "IIFE's",
    "bigint",
    "unexception",
    "etag",
    "builtins",
    "uncacheable",
    "cacheable",
    "mergeable",
    "devtools",
    "transpiled",
    "mixins",
    "subdir",
    "errored",
    "eval",
    "multiplicator",
    "finalizer",
    "promisify",
    "absolutify",
    "camelcase",
    "filebase",
    "moduleid",
    "modulehash",
    "chunkfilename",
    "chunkname",
    "chunkhash",
    "fullhash",
    "contenthash",
    "hashable",
    "hotupdatechunk",
    "middleware",
    "middlewares",
    "serializer",
    "serializers",
    "deserialization",
    "referenceable",
    "polyfilled",
    "transpiling",
    "transpile",
    "transpiles",
    "snapshotting",
    "sourcemap",
    "nosources",
    "filepath",
    "subpath",
    "pathinfo",
    "undelayed",
    "microtask",
    "microtasks",
    "deopt",
    "deopts",
    "sandboxed",
    "mangleable",
    "passthrough",
    "prioritise",
    "booleanized",
    "serializables",
    "unreviewed",
    "unshifted",
    "nonrecursive",
    "symlinked",
    "subfolder",
    "prettierrc",
    "templated",
    "templating",
    "kibibytes",
    "mebibytes",
    "gibibytes",
    "typechecker",
    "recurse",
    "preparsed",
    "autocrlf",
    "lcov",
    "lcovonly",
    "gcov",
    "lintunit",
    "instanceof",
    "loglevel",
    "runtime",
    "runtimes",
    "mimetype",
    "testvalue",
    "unusedkey",
    "unusedvalue",
    "performant",
    "watchings",
    "jsons",
    "exitance",
    "ident",
    "idents",
    "globstar",
    "inversed",
    "concated",
    "RBDT",
    "opensource",
    "bugfix",
    "bugfixes",
    "declarators",
    "rrrlll",
    "undefine",
    "finializer",
    "quasis",
    "hashs",
    "functype",
    "funcindex",
    "Descr",
    "valtype",
    "informations",
    "reexecuted",
    "global's",
    "unsplittable",
    "chainable",
    "metacharacters",
    "Xarray",
    "Xfactory",
    "Xmodule",
    "Xexports",
    "moji",
    "bitfield",
    "precompute",
    "toplevel",
    "modulos",
    "untaint",
    "ufeff",
    "timestamping",
    "loadername",
    "laof",
    "cofounder",
    "hashchange",
    "popstate",
    "hotpink",
    "navigations",
    "compat",
    "noimport",
    "tmpl",
    "csvg",
    "repo",
    "repos",
    "triaging",
    "valign",
    "returnfalse",
    "return'development",
    "datastructures",
    "prewalking",
    "overridables",
    "overridable",
    "darkblue",
    "darkgreen",
    "darkred",
    "eqeqeq",
    "boolish",
    "analysing",
    "etags",
    "destructure",

    "webassemblyjs",
    "fsevents",
    "watchpack",
    "tapable",
    "junit",
    "memfs",
    "rimraf",
    "estree",
    "posthtml",
    "MCEP",
    "traceur",
    "atlaskit",
    "xxhashjs",
    "systemjs",

    "sokra",
    "Koppers",
    "Junya",
    "Eoksni",
    "Ewald",
    "Larkin",
    "Kees",
    "Kluskens",
    "Phoscur",
    "defunctzombie",
    "shama",
    "jhnns",
    "substack",
    "MONEI",
    "medikoo",
    "webmake",
    "jrburke",
    "gitter",
    "codecov",
    "opencollective",
    "dependabot"
  ],
  "ignoreRegExpList": ["/Author.+/", "/data:.*/", "/\"mappings\":\".+\"/"],
  "ignorePaths": ["**/dist/**", "examples/**/README.md"]
}
